Compare,
"Be the first to review this product",
"Manufacturer Web Page",
Overview,
Specifications,
Reviews,
"Similar Products",
"Family Products",
Accessories,
"Add review",
"Was this review helpful to you",
Yes,
No,
"Related Products",
Reset,
"Back to results",
Remove,
Part,
"Add to Cart",
"Weekly Specials",
"Recently Viewed Products",
"We Recommend",
"As low as",
"Browse By",
Category,
"Go to Home Page",
Home,
Search,
"My Cart",
"You have no items in your shopping cart",
"Compare Products",
"You have no items to compare",
"There are no products matching the selection",
Page,
Rows,
Sort,
"In Inventory",
Vendors,
"Lowest Price",
